pkg	channel	state	lost_after	newest	newest_uploaded	api_latest	api_disagrees	time_vs_sort_differ	n_versions
blast	bioconda	REGRESSED	2.16.0	2.17.0	2026-08-22	2.17.0	False	False	15
galah	bioconda	REGRESSED	0.4.2	0.5.2	2026-07-07	0.5.2	False	False	10
gatk4-spark	bioconda	REGRESSED	4.6.2.0	4.7.0.0	2026-08-18	4.7.0.0	False	False	25
metamdbg	bioconda	REGRESSED	1.2	1.4	2026-05-05	1.4	False	False	7
myloasm	bioconda	REGRESSED	0.5.1	0.7.0	2026-09-09	0.7.0	False	False	8
phispy	bioconda	REGRESSED	5.0.10	5.0.9	2026-05-03	5.0.10	True	True	18
mulled-v2-2e442ba7b07bfa102b9cf8fac6221263cd746ab8	?	not-found					False	False	0
mulled-v2-375a758a4ca8c128fb9d38047a68a9f4322d2acd	?	not-found					False	False	0
mulled-v2-780d630a9bb6a0ff2e7b6f730906fd703e40e98f	?	not-found					False	False	0
abacas	bioconda	ok		1.3.1	2024-04-03	1.3.1	False	False	1
abra2	bioconda	ok		2.24	2024-03-04	2.24	False	False	4
abricate	bioconda	ok		1.4.0	2026-04-03	1.4.0	False	False	17
abritamr	bioconda	ok		1.3.0	2026-05-25	1.3.0	False	False	22
abyss	bioconda	ok		2.3.10	2026-03-16	2.3.10	False	False	25
adapterremoval	bioconda	ok		3.0.2	2026-08-23	3.0.2	False	False	8
adapterremovalfixprefix	bioconda	ok		0.0.5	2021-03-26	0.0.5	False	False	2
agat	bioconda	ok		1.7.0	2026-04-10	1.7.0	False	False	33
alevin-fry	bioconda	ok		0.18.3	2026-09-14	0.18.3	False	False	32
alignoth	bioconda	ok		1.11.0	2026-09-14	1.11.0	False	False	62
ampcombi	bioconda	ok		3.0.0	2026-04-23	3.0.0	False	False	10
amulety	bioconda	ok		2.1.3	2026-05-17	2.1.3	False	False	7
angsd	bioconda	ok		0.940	2024-12-16	0.940	False	False	9
anndata	bioconda (also in conda-forge: ok)	ok		0.6.22.post1	2019-07-12	0.6.22.post1	False	False	18
annotsv	bioconda	ok		3.5.9	2026-06-02	3.5.10	True	True	20
antismash	bioconda	ok		8.0.4	2026-03-16	8.0.4	False	False	15
any2fasta	bioconda	ok		0.8.1	2025-12-30	0.8.1	False	False	4
argnorm	bioconda	ok		1.1.0	2025-06-24	1.1.0	False	False	9
arriba	bioconda	ok		2.5.1	2025-08-21	2.5.1	False	False	11
art	bioconda	ok		2016.06.05	2024-12-13	2016.06.05	False	False	3
artic	bioconda	ok		1.11.2	2026-08-26	1.11.2	False	False	44
ascat	bioconda	ok		3.2.0	2024-12-19	3.2.0	False	False	6
ashlar	bioconda	ok		1.20.0	2026-04-25	1.20.0	False	False	5
ataqv	bioconda	ok		1.3.1	2024-12-16	1.3.1	False	False	5
atlas	bioconda	ok		2.0.4	2026-08-22	2.0.4	False	False	6
autocycler	bioconda	ok		0.7.0	2026-08-12	0.7.0	False	False	10
bacphlip	bioconda	ok		0.9.6	2020-07-28	0.9.6	False	False	1
bamaligncleaner	bioconda	ok		0.3	2025-02-28	0.3	False	False	3
bamclipper	bioconda	ok		1.0.0	2021-03-26	1.0.0	False	False	1
bamcmp	bioconda	ok		2.2	2025-10-14	2.2	False	False	1
bamtools	bioconda	ok		2.5.3	2025-05-18	2.5.3	False	False	6
bamutil	bioconda	ok		1.0.15	2025-09-16	1.0.15	False	False	2
bandage	bioconda	ok		0.9.0	2025-02-26	0.9.0	False	False	2
barrnap	bioconda	ok		1.10.6	2026-04-20	1.10.6	False	False	7
bbmap	bioconda	ok		40.02	2026-08-06	40.02	False	False	86
bcftools	bioconda	ok		1.24	2026-08-06	1.24	False	False	29
beagle	bioconda	ok		5.5_27Feb25.75f	2025-09-18	5.4_22Jul22.46e	True	False	9
bedops	bioconda	ok		2.4.42	2025-08-05	2.4.42	False	False	21
bedtools	bioconda	ok		2.31.1	2024-12-13	2.31.1	False	False	19
bftools	bioconda	ok		8.0.0	2024-11-06	8.0.0	False	False	3
bigslice	bioconda	ok		2.0.2	2025-08-11	2.0.2	False	False	2
bio2zarr	bioconda	ok		0.2.1	2026-06-04	0.2.1	False	False	6
bioawk	bioconda	ok		1.0	2024-12-14	1.0	False	False	1
biobambam	bioconda	ok		2.0.185	2026-08-09	2.0.185	False	False	16
bioconductor-dada2	bioconda	ok		1.38.0	2026-03-01	1.38.0	False	False	23
bioconductor-deseq2	bioconda	ok		1.50.2	2026-02-28	1.50.2	False	False	22
bioconductor-edger	bioconda	ok		4.8.2	2026-07-02	4.8.2	False	False	26
bioconductor-limma	bioconda	ok		3.66.0	2026-02-08	3.66.0	False	False	35
bioconductor-summarizedexperiment	bioconda	ok		1.40.0	2026-02-27	1.40.0	False	False	20
bioconductor-tximeta	bioconda	ok		1.28.3	2026-09-14	1.28.3	False	False	18
biscuit	bioconda	ok		1.10.2.20260818	2026-08-21	1.10.2.20260818	False	False	21
bismark	bioconda	ok		3.1.0	2026-07-13	3.1.0	False	False	19
blobtk	bioconda	ok		0.8.0	2026-04-19	0.8.0	False	False	3
bowtie	bioconda	ok		1.3.1	2026-06-10	1.3.1	False	False	9
bowtie2	bioconda	ok		2.5.5	2026-09-14	2.5.5	False	False	26
bracken	bioconda	ok		3.1p1	2026-06-10	3.1p1	False	False	14
bwa	bioconda	ok		0.7.19	2025-05-13	0.7.19	False	False	12
bwa-mem2	bioconda	ok		2.3	2025-07-02	2.3	False	False	5
bwameth	bioconda	ok		0.2.10	2026-09-13	0.2.10	False	False	11
caalm	bioconda	ok		1.0.0	2026-03-31	1.0.0	False	False	1
canu	bioconda	ok		2.3	2026-07-26	2.3	False	False	13
cat	bioconda	ok		6.0.1	2025-01-24	6.0.1	False	False	18
cellbender	bioconda	ok		0.4.0	2026-08-15	0.4.0	False	False	3
centrifuge	bioconda	ok		1.0.4.2	2024-12-13	1.0.4.2	False	True	5
centrifuger	bioconda	ok		1.1.3	2026-08-24	1.1.3	False	False	17
checkqc	bioconda	ok		4.0.7	2025-04-28	4.0.7	False	False	14
checkv	bioconda	ok		1.1.1	2026-06-12	1.1.1	False	False	16
chewbbaca	bioconda	ok		3.5.4	2026-04-24	3.5.4	False	False	42
chopper	bioconda	ok		0.14.1	2026-09-13	0.14.1	False	False	17
chromap	bioconda	ok		0.3.2	2025-08-31	0.3.2	False	False	17
chromograph	bioconda	ok		1.3.1	2024-02-01	1.3.1	False	False	1
circexplorer2	bioconda	ok		2.3.8	2022-08-26	2.3.8	False	False	19
circularmapper	bioconda	ok		1.93.5	2023-05-15	1.93.5	False	False	2
civicpy	bioconda	ok		5.4.0	2026-05-07	5.4.0	False	False	12
clair3	bioconda	ok		2.0.3	2026-09-09	2.0.3	False	False	30
clame	bioconda	ok		1.0	2025-11-19	1.0	False	False	1
clipkit	bioconda	ok		2.14.0	2026-08-07	2.14.0	False	False	37
clonalframeml	bioconda	ok		1.20	2026-05-26	1.20	False	False	4
clustalo	bioconda	ok		1.2.4	2025-09-26	1.2.4	False	False	2
clusty	bioconda	ok		1.2.2	2025-12-09	1.2.2	False	False	7
cmaple	bioconda	ok		2.0.0	2026-07-26	2.0.0	False	False	3
cmseq	bioconda	ok		1.0.4	2021-08-24	1.0.4	False	False	3
cnvkit	bioconda	ok		0.9.14	2026-07-22	0.9.14	False	False	35
cnvnator	bioconda	ok		0.4.1	2026-03-03	0.4.1	False	False	1
cnvpytor	bioconda	ok		1.3.2	2025-04-09	1.3.2	False	False	5
cobs	bioconda	ok		0.3.1	2024-11-25	0.3.1	False	False	5
concoct	bioconda	ok		1.1.0	2026-02-19	1.1.0	False	False	5
conifer	bioconda	ok		1.0.3	2025-09-24	1.0.3	False	False	2
control-freec	bioconda	ok		11.6b	2026-03-12	11.6	True	False	6
cooler	bioconda	ok		0.10.4	2025-07-22	0.10.4	False	False	26
cooltools	bioconda	ok		0.7.1	2025-08-04	0.7.1	False	False	11
coptr	bioconda	ok		1.1.4	2024-11-12	1.1.4	False	False	1
coverm	bioconda	ok		0.8.0	2026-07-08	0.8.0	False	False	10
crabs	bioconda	ok		0.1.7	2026-06-03	1.14.0	True	True	10
cramino	bioconda	ok		1.3.0	2025-12-27	1.3.0	False	False	18
crispresso2	bioconda	ok		2.3.4	2026-04-24	2.3.4	False	False	37
cromwell	bioconda (also in conda-forge: never)	ok		0.40	2019-04-30	0.40	False	False	20
csvtk	bioconda (also in conda-forge: ok)	ok		0.31.0	2024-11-02	0.31.0	False	False	38
cutadapt	bioconda	ok		5.2	2026-07-04	5.2	False	False	44
cutesv	bioconda	ok		2.1.4	2026-09-01	2.1.4	False	False	22
damageprofiler	bioconda	ok		1.1	2021-06-25	1.1	False	False	10
das_tool	bioconda	ok		1.1.7	2024-12-14	1.1.7	False	False	7
deacon	bioconda	ok		0.17.0	2026-08-19	0.17.0	False	False	19
decoupler	bioconda	ok		1.5.0	2023-08-31	1.5.0	False	False	2
dedup	bioconda	ok		0.12.9	2024-09-05	0.12.9	False	False	7
deeptools	bioconda	ok		4.0.0	2026-09-07	4.0.0	False	False	52
delly	bioconda	ok		2.6.0	2026-08-18	2.6.0	False	False	33
demuxem	bioconda	ok		0.1.8	2025-10-01	0.1.8	False	False	5
diamond	bioconda	ok		2.2.7	2026-09-18	2.2.7	False	False	73
doubletdetection	bioconda	ok		4.3.0.post1	2025-04-04	4.3.0.post1	False	False	2
dragmap	bioconda	ok		1.3.0	2025-09-30	1.3.0	False	False	3
dragonflye	bioconda	ok		1.2.1	2024-05-03	1.2.1	False	False	20
drep	bioconda	ok		3.7.1	2026-07-01	3.7.1	False	False	33
dysgu	bioconda	ok		1.9.0	2026-07-14	1.9.0	False	False	22
ectyper	bioconda	ok		2.0.0	2025-05-12	2.0.0	False	False	7
eigenstratdatabasetools	bioconda	ok		1.1.0	2022-06-25	1.1.0	False	False	4
eklipse	bioconda	ok		1.8	2026-06-02	1.8	False	False	1
elprep	bioconda	ok		5.1.3	2025-09-16	5.1.3	False	False	16
emboss	bioconda	ok		6.6.0	2025-09-26	6.6.0	False	False	3
emu	bioconda	ok		3.6.2	2026-03-01	3.6.2	False	False	26
endorspy	bioconda	ok		1.4	2025-07-02	1.4	False	False	7
ensembl-vep	bioconda	ok		116.2	2026-09-04	116.2	False	False	81
epic2	bioconda	ok		0.0.54	2025-12-01	0.0.54	False	False	20
evigene	bioconda	ok		23.7.15	2024-01-15	23.7.15	False	False	1
expansionhunter	bioconda	ok		5.0.0	2025-09-21	5.0.0	False	False	10
expansionhunterdenovo	bioconda	ok		0.9.0	2025-11-24	0.9.0	False	False	1
fairy	bioconda	ok		0.5.8	2025-04-08	0.5.8	False	False	6
falco	bioconda	ok		2.0.2	2026-09-11	2.0.2	False	False	17
famsa	bioconda	ok		2.4.1	2025-07-15	2.4.1	False	False	10
faqcs	bioconda	ok		2.12	2025-06-17	2.12	False	False	5
fast2q	bioconda	ok		2.8.1	2025-05-07	2.8.1	False	False	6
fastani	bioconda	ok		1.34	2025-08-05	1.34	False	False	7
fastcov	bioconda	ok		0.1.3	2025-03-25	0.1.3	False	False	1
fastdup	bioconda	ok		1.0.0	2025-09-10	1.0.0	False	False	1
fastk	bioconda	ok		1.2	2026-02-07	1.2	False	False	4
fastme	bioconda	ok		2.1.6.3	2024-12-12	2.1.6.3	False	False	3
fastp	bioconda	ok		1.3.7	2026-09-14	1.3.7	False	False	40
fastplong	bioconda	ok		0.7.1	2026-09-14	0.7.1	False	False	10
fastqc	bioconda	ok		0.12.1	2023-03-04	0.12.1	False	False	10
fastqe	bioconda	ok		0.5.2	2025-12-30	0.5.2	False	False	7
fasttree	bioconda	ok		2.2.0	2025-11-25	2.2.0	False	False	6
ffq	bioconda	ok		0.3.1	2024-03-05	0.3.1	False	False	6
fgbio	bioconda	ok		4.1.1	2026-08-12	4.1.1	False	False	37
fgumi	bioconda	ok		0.7.0	2026-08-25	0.7.0	False	False	11
filtlong	bioconda	ok		0.3.1	2025-09-18	0.3.1	False	False	6
finaletoolkit	bioconda	ok		1.1.0	2026-07-31	1.1.0	False	False	5
flye	bioconda	ok		2.9.6	2026-04-13	2.9.6	False	False	26
foldcomp	bioconda	ok		1.0.0	2026-02-27	1.0.0	False	False	8
foldmason	bioconda	ok		4.dd3c235	2025-10-11	2.7bd21ed	True	False	4
foldseek	bioconda	ok		10.941cd33	2025-01-20	8.ef4e960	True	False	10
fq	bioconda (also in conda-forge: ok)	ok		0.12.0	2026-09-01	0.12.0	False	False	4
fqtk	bioconda	ok		0.4.0	2026-06-16	0.4.0	False	False	7
freebayes	bioconda	ok		1.3.10	2026-09-07	1.3.10	False	False	18
freyja	bioconda	ok		2.0.5	2026-09-18	2.0.5	False	False	35
gangstr	bioconda	ok		2.5.0	2025-09-21	2.5.0	False	False	1
ganon	bioconda	ok		2.4.3	2026-09-16	2.4.3	False	False	38
gappa	bioconda	ok		0.9.0	2025-02-18	0.9.0	False	False	13
gapseq	bioconda	ok		2.1.0	2026-06-02	2.1.0	False	False	6
gatk	bioconda	ok		3.8	2024-04-03	3.8	False	False	4
gatk4	bioconda	ok		4.6.2.0	2025-09-29	4.6.2.0	False	False	50
gawk	conda-forge (also in bioconda: never)	ok		5.4.1	2026-07-10	5.4.1	False	False	11
gecco	bioconda	ok		0.11.0	2026-07-31	0.11.0	False	False	22
gedi	bioconda	ok		1.0.6a	2026-05-16	1.0.6a	False	False	1
genin2	bioconda	ok		2.1.6	2026-03-30	2.1.6	False	False	5
genmap	bioconda	ok		1.3.0	2025-02-19	1.3.0	False	False	4
genmod	bioconda	ok		3.12.0	2026-07-14	3.12.0	False	False	11
genomad	bioconda	ok		1.12.0	2026-03-29	1.12.0	False	False	27
genomescope2	bioconda	ok		2.1.0	2025-10-03	2.1.0	False	False	3
geofetch	bioconda	ok		0.12.11	2026-03-28	0.12.11	False	False	15
getorganelle	bioconda	ok		1.7.7.1	2024-04-10	1.7.7.1	False	False	16
gfaffix	bioconda	ok		0.2.2	2026-05-05	0.2.2	False	False	12
gfastats	bioconda	ok		1.3.11	2025-05-09	1.3.11	False	False	15
gfatools	bioconda	ok		0.5.5	2025-06-06	0.5.5	False	False	3
gffcompare	bioconda	ok		0.12.10	2025-07-15	0.12.10	False	False	7
gffread	bioconda	ok		0.12.9	2026-04-11	0.12.9	False	False	9
gget	bioconda (also in conda-forge: ok)	ok		0.29.0	2024-09-26	0.29.0	False	False	33
glnexus	bioconda	ok		1.4.1	2025-02-12	1.4.1	False	False	1
goatools	bioconda (also in conda-forge: ok)	ok		1.2.3	2022-08-07	1.2.3	False	False	23
goleft	bioconda	ok		0.2.6	2025-09-04	0.2.6	False	False	19
grabix	bioconda	ok		0.1.8	2025-09-04	0.1.8	False	False	4
graphtyper	bioconda	ok		2.7.7	2024-12-13	2.7.7	False	False	8
gridss	bioconda	ok		2.13.2	2025-09-04	2.13.2	False	False	38
grimer	bioconda	ok		1.1.0	2023-02-07	1.1.0	False	False	2
gsea	bioconda	ok		4.3.2	2022-11-30	4.3.2	False	False	1
gtdbtk	bioconda	ok		2.7.2	2026-07-20	2.7.2	False	False	42
gtfsort	bioconda	ok		0.2.4	2026-04-24	0.2.4	False	False	3
gubbins	bioconda	ok		3.4.3	2026-03-02	3.4.3	False	False	27
gunc	bioconda	ok		1.1.1	2026-05-11	1.1.1	False	False	10
gzrt	bioconda	ok		0.9.1	2025-01-07	0.9.1	False	False	2
hamronization	bioconda	ok		1.3.1	2026-08-12	1.3.1	False	False	7
haplocheck	bioconda	ok		1.3.3	2023-05-16	1.3.3	False	False	1
haplogrep3	bioconda	ok		3.2.2	2025-07-31	3.2.2	False	False	1
helitronscanner	bioconda	ok		1.0	2024-04-14	1.0	False	False	1
hhsuite	bioconda	ok		3.3.0	2025-05-28	3.3.0	False	True	3
hicap	bioconda	ok		1.0.4	2025-08-19	1.0.4	False	False	5
hicexplorer	bioconda	ok		3.7.6	2024-11-28	3.7.6	False	False	45
hifiasm	bioconda	ok		0.25.0	2025-03-18	0.25.0	False	False	36
hisat2	bioconda	ok		2.2.3	2026-09-07	2.2.3	False	False	11
hmmcopy	bioconda	ok		0.1.1	2025-09-04	0.1.1	False	False	1
hmmer	bioconda	ok		3.4	2026-08-02	3.4	False	False	9
hmtnote	bioconda	ok		0.7.2	2023-05-26	0.7.2	False	False	1
homer	bioconda	ok		5.1	2026-04-23	5.1	False	False	6
hostile	bioconda	ok		2.0.2	2025-09-04	2.0.2	False	False	11
htseq	bioconda	ok		2.1.2	2026-08-02	2.1.2	False	False	20
htslib	bioconda	ok		1.24	2026-07-09	1.24	False	False	33
humann	bioconda	ok		3.9	2024-06-13	3.9	False	False	11
hypo	bioconda	ok		1.0.3	2026-04-13	1.0.3	False	False	4
idemux	bioconda	ok		0.1.6	2021-07-13	0.1.6	False	False	3
idr	bioconda	ok		2.0.4.2	2024-06-25	2.0.4.2	False	False	3
igv	bioconda	ok		2.19.8	2026-06-26	2.19.8	False	False	54
infernal	bioconda	ok		1.1.5	2024-12-14	1.1.5	False	False	6
iqtree	bioconda	ok		3.1.3	2026-07-26	3.1.3	False	False	33
irescue	bioconda	ok		1.2.0	2025-10-31	1.2.0	False	False	7
islandpath	bioconda	ok		1.0.6	2021-07-12	1.0.6	False	False	4
ismapper	bioconda	ok		2.0.2	2021-07-29	2.0.2	False	False	3
ivar	bioconda	ok		1.4.4	2025-02-26	1.4.4	False	False	15
jasminesv	bioconda	ok		1.1.5	2022-04-28	1.1.5	False	False	15
juicertools	bioconda	ok		2.20.00	2025-05-21	2.20.00	False	False	1
jvarkit	bioconda	ok		2024.08.25	2025-04-25	2024.08.25	False	False	4
kaiju	bioconda	ok		1.10.2	2026-07-25	1.10.2	False	False	20
kallisto	bioconda	ok		0.52.0	2026-09-13	0.52.0	False	False	16
khmer	bioconda	ok		3.0.0a3	2026-02-25	3.0.0a3	False	False	7
kma	bioconda	ok		1.6.15	2026-09-11	1.6.15	False	False	65
kmcp	bioconda	ok		0.9.5	2026-05-01	0.9.5	False	False	12
kmergenie	bioconda	ok		1.7051	2025-07-28	1.7051	False	False	2
knotannotsv	bioconda	ok		1.1.5	2026-03-24	1.1.5	False	False	1
kofamscan	bioconda	ok		1.3.0	2021-03-26	1.3.0	False	False	4
kraken2	bioconda	ok		2.17.1	2025-11-25	2.17.1	False	False	12
krakentools	bioconda	ok		1.2.1	2025-08-02	1.2.1	False	False	5
krakenuniq	bioconda	ok		1.0.4	2025-01-31	1.0.4	False	False	16
krona	bioconda	ok		2.8.1	2022-01-15	2.8.1	False	False	7
last	bioconda	ok		1654	2026-08-22	1654	False	False	78
learnmsa	bioconda	ok		2.0.16	2025-12-11	2.0.16	False	False	16
leviosam2	bioconda	ok		0.5.0	2024-12-15	0.5.0	False	False	9
liftoff	bioconda	ok		1.6.3	2026-01-22	1.6.3	False	False	10
links	bioconda	ok		2.0.1	2026-03-19	2.0.1	False	False	6
lofreq	bioconda	ok		2.1.5	2026-07-15	2.1.5	False	False	4
longphase	bioconda	ok		2.0.2	2026-05-07	2.0.2	False	False	4
longstitch	bioconda	ok		1.0.5	2026-03-20	1.0.5	False	False	5
macs2	bioconda	ok		2.2.9.1	2025-10-05	2.2.9.1	False	False	12
macs3	bioconda	ok		3.0.4	2026-02-26	3.0.4	False	False	4
macse	bioconda	ok		2.07	2023-03-21	2.07	False	False	2
macsyfinder	bioconda	ok		2.1.6	2025-12-20	2.1.6	False	False	8
mafft	bioconda (also in conda-forge: ok)	ok		7.525	2024-03-14	7.525	False	False	25
mageck	bioconda	ok		0.5.9.5	2026-06-17	0.5.9.5	False	False	15
malt	bioconda	ok		0.62	2024-02-01	0.62	False	False	7
manta	bioconda	ok		1.6.0	2025-02-04	1.6.0	False	False	12
mapad	bioconda	ok		0.45.0	2025-04-30	0.45.0	False	False	5
mapdamage2	bioconda	ok		2.2.3	2025-07-16	2.2.3	False	False	9
mash	bioconda	ok		2.3	2026-07-22	2.3	False	False	9
mashmap	bioconda	ok		3.1.3	2024-12-04	3.1.3	False	False	12
mashtree	bioconda	ok		1.4.6	2026-03-01	1.4.6	False	False	21
maxbin2	bioconda	ok		2.2.7	2025-09-26	2.2.7	False	False	4
maxquant	bioconda	ok		2.0.3.0	2022-02-02	2.0.3.0	False	False	6
mcroni	bioconda	ok		1.0.4	2022-02-28	1.0.4	False	False	3
mdust	bioconda	ok		2006.10.17	2024-12-09	2006.10.17	False	False	1
medaka	bioconda	ok		2.2.2	2026-07-16	2.2.2	False	False	59
megahit	bioconda	ok		1.2.9	2025-08-10	1.2.9	False	False	9
megan	bioconda	ok		6.25.10	2025-02-26	6.25.10	False	False	6
melon	bioconda	ok		0.3.0	2025-04-27	0.3.0	False	False	15
memote	bioconda	ok		0.17.0	2024-01-27	0.17.0	False	False	1
merfin	bioconda	ok		1.1	2026-04-15	1.1	False	False	2
merqury	bioconda	ok		1.4.1	2026-07-23	1.4.1	False	True	4
merquryfk	bioconda	ok		1.2	2026-01-24	1.2	False	False	6
metabat2	bioconda	ok		2.18_23_gc869c52	2026-05-06	2.18_23_gc869c52	False	False	7
metabuli	bioconda	ok		1.2.0	2026-04-17	1.2.0	False	False	10
metacache	bioconda	ok		2.6.0	2026-01-22	2.6.0	False	False	17
metaeuk	bioconda	ok		7.bba0d80	2024-12-11	6.a5d39d9	True	False	7
metaphlan	bioconda	ok		4.2.6	2026-07-29	4.2.6	False	False	35
methurator	bioconda	ok		2.2.0	2026-07-21	2.2.0	False	False	8
methyldackel	bioconda	ok		0.6.1	2025-05-09	0.6.1	False	False	10
mgikit	bioconda	ok		2.1.1	2025-12-07	2.1.1	False	False	8
mifaser	bioconda	ok		1.64	2026-05-14	1.64	False	False	2
mindagap	bioconda	ok		0.0.2	2023-04-06	0.0.2	False	False	1
minia	bioconda	ok		3.2.6	2025-07-23	3.2.6	False	False	5
miniasm	bioconda	ok		0.3	2025-01-27	0.3	False	True	6
minimac4	bioconda	ok		4.1.6	2026-08-22	4.1.6	False	False	1
minimap2	bioconda	ok		2.31	2026-05-20	2.31	False	False	33
miniprot	bioconda	ok		0.18	2025-07-13	0.18	False	False	18
miranda	bioconda	ok		3.3a	2025-09-24	3.3a	False	False	1
mirdeep2	bioconda	ok		2.0.1.3	2025-01-14	2.0.1.3	False	False	4
mirtop	bioconda	ok		0.4.30	2025-04-08	0.4.30	False	False	18
mirtrace	bioconda	ok		1.0.1	2021-03-25	1.0.1	False	False	2
mlst	bioconda	ok		2.35.0	2026-06-17	2.35.0	False	False	28
mosdepth	bioconda	ok		0.3.14	2026-08-22	0.3.14	False	False	29
motus	bioconda	ok		4.1.0	2026-07-20	4.1.0	False	False	15
msisensor	bioconda	ok		0.5	2024-12-11	0.5	False	False	1
msisensor-pro	bioconda	ok		1.3.0	2024-12-16	1.3.0	False	True	8
mtnucratio	bioconda	ok		0.7.1	2024-09-10	0.7.1	False	False	4
multiqc	bioconda	ok		1.35	2026-05-22	1.35	False	False	57
multivcfanalyzer	bioconda	ok		0.89.0	2026-03-18	0.89.0	False	False	4
mummer	bioconda	ok		3.23	2024-12-13	3.23	False	False	1
muscle	bioconda	ok		5.3	2025-07-31	5.3	False	False	6
muse	bioconda	ok		2.1.2	2024-12-12	2.1.2	False	False	2
mygene	bioconda	ok		3.2.2	2021-04-06	3.2.2	False	False	6
mykrobe	bioconda	ok		0.13.0	2025-06-10	0.13.0	False	False	13
nail	bioconda	ok		0.7.1	2026-08-02	0.7.1	False	False	4
nanocomp	bioconda	ok		1.25.6	2025-12-02	1.25.6	False	False	43
nanofilt	bioconda	ok		2.8.0	2021-02-26	2.8.0	False	False	14
nanolyse	bioconda	ok		1.2.1	2022-10-30	1.2.1	False	False	10
nanomonsv	bioconda	ok		0.9.0	2026-03-26	0.9.0	False	False	9
nanoplot	bioconda	ok		1.48.0	2026-09-10	1.48.0	False	False	56
nanopolish	bioconda	ok		0.14.0	2025-09-04	0.14.0	False	False	24
nanoq	bioconda	ok		0.10.0	2025-02-12	0.10.0	False	False	9
nextclade	bioconda	ok		3.23.0	2026-08-20	3.23.0	False	False	87
ngmaster	bioconda	ok		2.1.0	2026-07-26	2.1.0	False	False	5
ngmerge	bioconda	ok		0.5	2025-11-10	0.5	False	False	3
ngscheckmate	bioconda	ok		1.0.1	2026-02-09	1.0.1	False	False	2
nonpareil	bioconda	ok		3.5.5	2025-09-16	3.5.5	False	False	14
octopusv	bioconda	ok		0.4.3	2026-09-09	0.4.3	False	False	14
odgi	bioconda	ok		0.9.4	2026-01-03	0.9.4	False	True	24
oncocnv	bioconda	ok		7.0	2024-12-15	7.0	False	False	1
openms	bioconda	ok		3.5.0	2025-12-14	3.5.0	False	False	17
opt	bioconda	ok		0.0.1	2026-06-02	0.0.1	False	False	1
optitype	bioconda	ok		1.5.0	2026-08-09	1.5.0	False	False	7
orfipy	bioconda	ok		0.0.4	2026-01-24	0.0.4	False	False	4
p7zip	conda-forge (also in bioconda: never)	ok		16.02	2022-04-26	16.02	False	False	1
pairix	bioconda	ok		0.3.9	2025-01-28	0.3.9	False	False	12
pairtools	bioconda	ok		1.1.3	2025-02-26	1.1.3	False	False	11
panacus	bioconda	ok		0.5.3	2026-09-11	0.5.3	False	False	15
pangolin	bioconda	ok		4.4	2026-04-08	4.4	False	False	54
paraclu	bioconda	ok		10	2025-04-15	10	False	False	2
pasty	bioconda	ok		2.2.1	2024-08-26	2.2.1	False	False	9
pbptyper	bioconda	ok		2.0.0	2024-08-06	2.0.0	False	False	6
pcne	bioconda	ok		3.3.1	2026-04-28	3.3.1	False	False	9
pear	bioconda	ok		0.9.11	2026-05-12	0.9.11	False	False	2
peddy	bioconda	ok		0.4.8	2021-06-02	0.4.8	False	False	18
peka	bioconda	ok		1.0.2	2024-04-19	1.0.2	False	False	7
perbase	bioconda	ok		1.4.0	2026-02-05	1.4.0	False	False	25
percolator	bioconda	ok		3.9	2026-08-13	3.9	False	False	7
perl	conda-forge	ok		5.32.1	2026-09-11	5.32.1	False	True	11
phantompeakqualtools	bioconda	ok		1.2.2	2021-03-26	1.2.2	False	False	4
pharokka	bioconda	ok		1.10.1	2026-07-12	1.10.1	False	False	33
picard	bioconda	ok		3.5.0	2026-08-03	3.5.0	False	False	129
pigz	conda-forge	ok		2.8	2025-12-01	2.8	False	False	4
pilon	bioconda	ok		1.24	2021-04-05	1.24	False	False	8
pindel	bioconda	ok		0.2.5b9	2024-12-16	0.2.5b9	False	False	2
pirate	bioconda	ok		1.0.5	2026-02-03	1.0.5	False	False	4
plasmidfinder	bioconda	ok		2.1.6	2025-11-06	2.1.6	False	False	4
plasmidid	bioconda	ok		1.6.5	2021-04-13	1.6.5	False	False	6
plink	bioconda	ok		1.90b7.7	2025-03-18	1.90b6.21	True	False	7
plotsr	bioconda	ok		1.2.0	2026-07-29	1.2.0	False	False	12
pmdtools	bioconda	ok		0.60	2021-11-01	0.60	False	False	1
polypolish	bioconda	ok		0.7.1	2026-07-29	0.7.1	False	False	4
poolsnp	bioconda	ok		1.0.1	2024-08-10	1.0.1	False	False	2
popscle	bioconda	ok		0.1	2025-08-28	0.1	False	True	2
porechop	bioconda	ok		0.2.4	2024-12-10	0.2.4	False	False	2
porechop_abi	bioconda	ok		0.5.1	2025-09-10	0.5.1	False	False	3
portcullis	bioconda	ok		1.2.4	2026-04-20	1.2.4	False	False	7
preseq	bioconda	ok		3.2.0	2024-12-16	3.2.0	False	False	4
president	bioconda	ok		0.6.8	2022-11-25	0.6.8	False	False	14
presto	bioconda	ok		0.7.9	2026-04-16	0.7.9	False	False	17
pridepy	bioconda	ok		0.0.16	2026-06-02	0.0.16	False	False	5
prinseq-plus-plus	bioconda	ok		1.2.4	2025-09-26	1.2.4	False	False	2
prodigal	bioconda	ok		2.6.3	2025-07-17	2.6.3	False	False	2
prokka	bioconda	ok		1.15.6	2025-12-14	1.15.6	False	False	10
proovframe	bioconda	ok		0.9.7	2023-12-11	0.9.7	False	False	1
proteinortho	bioconda	ok		6.3.6	2025-06-12	6.3.6	False	False	56
pureclip	bioconda	ok		1.3.1	2025-09-02	1.3.1	False	False	8
pychopper	bioconda	ok		2.7.10	2024-07-25	2.7.10	False	False	14
pydamage	bioconda	ok		1.0	2025-02-10	1.0	False	False	10
pypgx	bioconda	ok		0.27.0	2026-06-12	0.27.0	False	False	25
pypolca	bioconda	ok		0.5.0	2026-09-11	0.5.0	False	False	7
pyrodigal	bioconda	ok		3.7.1	2026-03-15	3.7.1	False	False	42
python	conda-forge	ok		3.15.0rc2	2026-09-16	3.15.0rc2	False	False	180
qcat	bioconda	ok		1.1.0	2020-07-26	1.1.0	False	False	4
qcatch	bioconda	ok		0.2.14	2026-09-09	0.2.14	False	False	13
qualimap	bioconda	ok		2.2.2c	2026-02-24	2.3	True	True	8
quast	bioconda	ok		5.3.0	2025-02-19	5.3.0	False	False	12
racon	bioconda	ok		1.5.0	2025-11-19	1.5.0	False	False	20
ragtag	bioconda	ok		2.1.0	2026-04-19	2.1.0	False	False	8
rapidnj	bioconda	ok		2.3.3	2026-04-17	2.3.3	False	True	3
rastair	bioconda	ok		2.2.0	2026-08-31	2.2.0	False	False	5
rasusa	bioconda	ok		5.1.0	2026-07-31	5.1.0	False	False	23
rattle	bioconda	ok		1.0	2025-11-27	1.0	False	False	1
raxml-ng	bioconda	ok		2.0.3	2026-09-06	2.0.3	False	False	12
regtools	bioconda	ok		1.0.0	2025-05-03	1.0.0	False	False	6
relion	bioconda	ok		5.1.0	2026-09-14	5.1.0	False	False	7
repeatmasker	bioconda	ok		4.2.4	2026-06-22	4.2.4	False	False	16
repeatmodeler	bioconda	ok		2.0.9	2026-07-25	2.0.9	False	False	11
resfinder	bioconda	ok		4.7.2	2025-04-10	4.7.2	False	False	7
rgi	bioconda	ok		6.0.8	2026-06-11	6.0.8	False	False	19
rhocall	bioconda	ok		0.5.1	2025-02-12	0.5.1	False	False	1
ribodetector	bioconda	ok		0.3.3	2026-02-06	0.3.3	False	False	10
ribotish	bioconda	ok		0.2.8	2025-11-13	0.2.8	False	False	8
ribotricer	bioconda	ok		1.5.0	2026-02-14	1.5.0	False	False	11
ribowaltz	bioconda	ok		2.0	2024-12-27	2.0	False	False	2
riker	bioconda	ok		0.4.1	2026-07-10	0.4.1	False	False	5
rmats	bioconda	ok		4.4.0	2026-08-11	4.4.0	False	False	9
rpbp	bioconda	ok		4.0.1	2026-02-27	4.0.1	False	False	5
rsem	bioconda	ok		1.3.3	2025-10-15	1.3.3	False	False	7
rseqc	bioconda	ok		5.0.5	2026-08-02	5.0.5	False	False	10
rust-bio-tools	bioconda	ok		0.42.2	2025-09-18	0.42.2	False	False	88
rustqc	bioconda	ok		0.2.1	2026-04-09	0.2.1	False	False	2
s4pred	bioconda	ok		1.2.1	2025-04-08	1.2.1	False	False	2
salmon	bioconda	ok		2.7.0	2026-08-30	2.7.0	False	False	59
sam2lca	bioconda	ok		1.1.4	2026-04-15	1.1.4	False	False	6
sambamba	bioconda	ok		1.0.1	2025-02-26	1.0.1	False	False	15
samblaster	bioconda	ok		0.1.26	2025-08-19	0.1.26	False	False	6
samclip	bioconda	ok		0.4.0	2021-03-24	0.4.0	False	False	3
samshee	bioconda	ok		0.2.14	2026-03-02	0.2.14	False	False	11
samtools	bioconda	ok		1.7	2026-07-16	1.24	True	True	41
savana	bioconda	ok		1.3.8	2026-07-01	1.3.8	False	False	20
scanpy	bioconda (also in conda-forge: ok)	ok		1.7.2	2021-04-07	1.7.2	False	False	21
seacr	bioconda	ok		1.3	2021-03-25	1.3	False	False	2
segemehl	bioconda	ok		0.3.4	2025-09-30	0.3.4	False	False	3
segul	bioconda	ok		0.23.2	2026-01-31	0.23.2	False	False	5
semibin	bioconda	ok		2.5.0	2026-09-15	2.5.0	False	False	28
sentieon	bioconda	ok		202503.04	2026-09-02	202503.04	False	False	38
seqcluster	bioconda	ok		1.2.9	2022-05-04	1.2.9	False	False	17
seqfu	bioconda	ok		1.29.0	2026-09-14	1.29.0	False	False	72
seqkit	bioconda	ok		2.13.0	2026-02-27	2.13.0	False	False	53
seqtk	bioconda	ok		1.5	2025-07-09	1.5	False	True	7
sequali	bioconda	ok		1.0.2	2026-03-02	1.0.2	False	False	19
seqwish	bioconda	ok		0.7.12	2026-07-30	0.7.12	False	False	15
severus	bioconda	ok		1.7	2026-03-15	1.7	False	False	10
sexdeterrmine	bioconda	ok		1.1.2	2021-03-27	1.1.2	False	False	4
sgdemux	bioconda	ok		1.2.0	2024-12-14	1.2.0	False	False	5
shigapass	bioconda	ok		1.5.0	2024-05-24	1.5.0	False	False	1
shigatyper	bioconda	ok		2.0.5	2023-07-06	2.0.5	False	False	8
shigeifinder	bioconda	ok		1.3.5	2023-06-30	1.3.5	False	False	7
sickle	bioconda (also in conda-forge: ok)	ok		0.7.0	2020-05-20	0.7.0	False	False	5
simpleaf	bioconda	ok		0.30.0	2026-08-31	0.30.0	False	False	52
ska	bioconda	ok		1.0	2025-07-30	1.0	False	False	1
skani	bioconda	ok		0.3.2	2026-05-13	0.3.2	False	False	13
skesa	bioconda	ok		2.5.1	2025-08-21	2.5.1	False	False	5
smncopynumbercaller	bioconda	ok		1.1.2	2024-06-09	1.1.2	False	False	1
smoothxg	bioconda	ok		0.8.2	2025-11-19	0.8.2	False	False	16
snakemake	bioconda	ok		9.27.0	2026-09-14	9.27.0	False	False	373
sniffles	bioconda	ok		2.8.1	2026-09-14	2.8.1	False	False	31
snpeff	bioconda	ok		5.4.0c	2026-03-04	5.4.0c	False	False	23
snpsift	bioconda	ok		5.4.0c	2026-03-04	5.4.0c	False	False	14
somalier	bioconda	ok		0.3.5	2026-09-11	0.3.5	False	False	10
sortmerna	bioconda (also in conda-forge: ok)	ok		4.3.7	2024-06-12	4.3.7	False	False	9
sourcepredict	bioconda	ok		0.5.1	2024-10-14	0.5.1	False	False	2
sourmash	bioconda	ok		4.9.4	2025-08-07	4.9.4	False	False	66
spades	bioconda	ok		4.3.0	2026-08-02	4.3.0	False	False	26
spatyper	bioconda	ok		0.3.3	2021-10-02	0.3.3	False	False	2
spring	bioconda	ok		1.1.1	2024-10-30	1.1.1	False	False	4
sra-tools	bioconda	ok		3.4.1	2026-04-19	3.4.1	False	False	30
stacks	bioconda	ok		2.68	2025-09-30	2.68	False	False	30
stainwarpy	bioconda	ok		0.2.4	2026-02-11	0.2.4	False	False	6
staphscan	bioconda	ok		0.4.1	2026-07-24	0.4.1	False	False	8
star	bioconda	ok		2.7.11b	2025-11-14	2.7.11b	False	False	36
staramr	bioconda	ok		0.12.3	2026-06-11	0.12.3	False	False	22
stecfinder	bioconda	ok		1.1.2	2024-03-29	1.1.2	False	False	4
stranger	bioconda	ok		0.10.2	2026-04-25	0.10.2	False	False	9
strdust	bioconda	ok		1.0.0	2026-09-13	1.0.0	False	False	12
strelka	bioconda	ok		2.9.10	2024-11-28	2.9.10	False	False	8
stringtie	bioconda	ok		3.0.3	2025-11-13	3.0.3	False	False	32
strobealign	bioconda	ok		0.18.0	2026-09-01	0.18.0	False	False	13
strvctvre	bioconda	ok		1.10	2025-09-17	1.10	False	False	1
subread	bioconda	ok		2.1.1	2025-05-03	2.1.1	False	False	17
survivor	bioconda	ok		1.0.7	2025-09-21	1.0.7	False	False	5
svaba	bioconda	ok		1.2.0	2025-02-17	1.2.0	False	False	2
svdb	bioconda	ok		2.12.0	2026-07-22	2.12.0	False	False	24
svim	bioconda	ok		2.0.0	2023-07-07	2.0.0	False	False	15
svtk	bioconda	ok		0.0.20190615	2025-04-30	0.0.20190615	False	False	1
sylph	bioconda	ok		1.0.0	2026-09-14	1.0.0	False	False	16
sylph-tax	bioconda	ok		1.9.1	2026-06-26	1.9.1	False	False	15
syri	bioconda	ok		1.8.2	2026-07-25	1.8.2	False	False	7
t1k	bioconda	ok		1.0.10	2026-08-19	1.0.10	False	False	11
tabix	bioconda	ok		1.11	2021-04-22	1.11	False	False	3
tagbam	bioconda	ok		0.1.0	2025-02-14	0.1.0	False	False	1
taxonkit	bioconda	ok		0.20.0	2025-12-20	0.20.0	False	False	31
taxpasta	bioconda	ok		0.7.0	2025-11-18	0.7.0	False	False	13
td2	bioconda	ok		1.1.0	2026-05-20	1.1.0	False	False	9
tesorter	bioconda	ok		1.5.1	2025-11-17	1.5.1	False	False	5
tiddit	bioconda	ok		3.9.7	2026-07-23	3.9.7	False	False	26
tidk	bioconda	ok		0.2.7	2026-04-07	0.2.65	True	True	9
tmb	bioconda	ok		1.6.0	2026-03-28	1.6.0	False	False	3
topas	bioconda	ok		1.0.1	2021-03-25	1.0.1	False	False	2
toulligqc	bioconda	ok		2.9.1	2026-06-18	2.9.1	False	False	27
traitar	bioconda	ok		3.0.1	2026-05-05	3.0.1	False	False	2
transdecoder	bioconda	ok		6.0.0	2026-03-28	6.0.0	False	False	10
trimal	bioconda	ok		1.5.1	2025-11-25	1.5.1	False	False	3
trimmomatic	bioconda	ok		0.41	2026-07-03	0.41	False	False	8
trinity	bioconda	ok		2.15.2	2025-09-18	2.15.2	False	True	17
trust4	bioconda	ok		1.1.10	2026-09-06	1.1.10	False	False	24
truvari	bioconda	ok		5.4.0	2025-10-08	5.4.0	False	False	16
trycycler	bioconda	ok		0.5.6	2025-09-30	0.5.6	False	False	9
tsebra	bioconda	ok		1.1.2.5	2024-05-23	1.1.2.5	False	False	7
ucsc-bedclip	bioconda	ok		482	2025-06-26	482	False	False	7
ucsc-bedgraphtobigwig	bioconda	ok		482	2025-06-21	482	False	False	12
ultra	bioconda	ok		1.2.1	2025-11-25	1.2.1	False	False	3
ultraplex	bioconda	ok		1.2.10	2025-08-18	1.2.10	False	False	10
umicollapse	bioconda	ok		1.1.0	2026-08-05	1.1.0	False	False	2
umitools	bioconda	ok		0.3.4	2019-10-26	0.3.4	False	False	2
unicycler	bioconda	ok		0.5.1	2025-08-04	0.5.1	False	False	9
upd	bioconda	ok		0.1.1	2023-05-11	0.1.1	False	False	1
varscan	bioconda	ok		2.4.6	2023-09-09	2.4.6	False	False	7
vcf2cytosure	bioconda	ok		0.10.0	2026-08-19	0.10.0	False	False	3
vcf2db	bioconda	ok		2020.02.24	2024-01-10	2020.02.24	False	False	16
vcf2maf	bioconda	ok		1.6.22	2025-12-05	1.6.22	False	False	11
vcfanno	bioconda	ok		0.3.9	2026-06-17	0.3.9	False	False	20
vcfexpress	bioconda	ok		0.3.4	2025-02-19	0.3.4	False	False	1
vcflib	bioconda	ok		1.0.15	2026-04-08	1.0.15	False	False	13
vcftools	bioconda	ok		0.1.17	2025-05-15	0.1.17	False	False	7
vclust	bioconda	ok		1.3.1	2025-08-09	1.3.1	False	False	4
vembrane	bioconda	ok		2.6.0	2026-06-09	2.6.0	False	False	41
vg	bioconda	ok		1.76.1	2026-08-10	1.76.1	False	False	46
viennarna	bioconda	ok		2.7.2	2026-03-20	2.7.2	False	False	37
virusrecom	bioconda	ok		1.4.0	2025-12-26	1.4.0	False	False	14
vrhyme	bioconda	ok		1.1.0	2023-04-19	1.1.0	False	False	1
vsearch	bioconda	ok		2.31.0	2026-09-07	2.31.0	False	False	73
wfmash	bioconda	ok		0.24.2	2026-03-15	0.24.2	False	False	29
wgsim	bioconda	ok		1.0	2025-09-24	1.0	False	False	1
whatshap	bioconda	ok		2.8	2025-06-09	2.8	False	False	26
wipertools	bioconda	ok		1.1.5	2025-01-30	1.1.5	False	False	5
wisecondorx	bioconda	ok		1.3.2	2026-06-10	1.3.2	False	False	19
xengsort	bioconda	ok		2.2.1	2026-05-14	2.2.1	False	False	13
yahs	bioconda	ok		1.2.2	2024-12-13	1.2.2	False	True	8
yak	bioconda	ok		0.1	2024-12-13	0.1	False	False	1
yara	bioconda	ok		1.0.5	2025-08-05	1.0.5	False	False	6
