# Images WITHDRAWN from quay.io/aarchbio, and why.
#
# Withdrawal means the repository was deleted, so a pull of the ref now fails with
# "manifest unknown" instead of succeeding and handing the user a container that
# cannot execute. A loud failure at pull time beats a silent one at run time: our
# provenance labels are only readable AFTER a pull, so they cannot warn anybody.
#
# Only done where the tool's OWN primary binary is the wrong architecture, i.e.
# nothing in the image works. Images that merely lose a sub-feature are kept —
# prokka and plasmidid are fully functional apart from GenBank submission, and
# withdrawing them would destroy more value than it protects.
#
# The digest is recorded so the decision is auditable and so the exact artifact
# could be rebuilt if upstream ever fixes the package.
#
# Columns (tab-separated):  repo  tag  digest  date  reason
pureclip	1.3.1--r44h23ed54d_2	sha256:e1db36065d5dbc66ac46a615287e961db2ca85aaf62f15badce5a680442faa1a	2026-10-08	Both of its own binaries (bin/pureclip, bin/winextract) are x86-64 in an arm64-tagged image: 0 of 2 usable. bioconda publishes pureclip 1.3.1 under subdir linux-aarch64 while shipping x86-64 payloads, and 1.3.1 is the only version with any aarch64 claim. Nothing to fall back to. bioconda-recipes#69811.
glnexus	1.4.1--h83404e3_5	sha256:5352b194f489bd8ed7de892016d4e95e05b971944b4f2e47cd1f912aecd140dc	2026-10-08	bin/glnexus_cli is its only binary and is x86-64: 0 of 1 usable. Same mislabeled-subdir cause, and 1.4.1 is the only version claiming aarch64. bioconda-recipes#69811.
